Id,Property
7574,unknownRelation
7575,unknownRelation
7576,unknownRelation
7577,unknownRelation
7578,unknownRelation
7579,unknownRelation
7580,unknownRelation
7581,unknownRelation
7582,unknownRelation
7583,unknownRelation
7584,unknownRelation
7585,unknownRelation
7586,unknownRelation
7587,unknownRelation
7588,unknownRelation
7589,unknownRelation
7590,unknownRelation
7591,unknownRelation
7592,unknownRelation
7593,unknownRelation
7594,unknownRelation
7595,unknownRelation
7596,unknownRelation
7597,unknownRelation
7598,unknownRelation
7599,unknownRelation
7600,unknownRelation
7601,unknownRelation
7602,unknownRelation
7603,unknownRelation
7604,unknownRelation
7605,unknownRelation
7606,unknownRelation
7607,unknownRelation
7608,unknownRelation
7609,unknownRelation
7610,unknownRelation
7611,unknownRelation
7612,unknownRelation
7613,unknownRelation
7614,unknownRelation
7615,unknownRelation
7616,unknownRelation
7617,unknownRelation
7618,unknownRelation
7619,unknownRelation
7620,unknownRelation
7621,unknownRelation
7622,unknownRelation
7623,unknownRelation
7624,unknownRelation
7625,unknownRelation
7626,unknownRelation
7627,unknownRelation
7628,unknownRelation
7629,unknownRelation
7630,unknownRelation
7631,unknownRelation
7632,unknownRelation
7633,unknownRelation
7634,unknownRelation
7635,unknownRelation
7636,unknownRelation
7637,unknownRelation
7638,unknownRelation
7639,unknownRelation
7640,unknownRelation
7641,unknownRelation
7642,unknownRelation
7643,unknownRelation
7644,unknownRelation
7645,unknownRelation
7646,unknownRelation
7647,unknownRelation
7648,unknownRelation
7649,unknownRelation
7650,unknownRelation
7651,unknownRelation
7652,unknownRelation
7653,unknownRelation
7654,unknownRelation
7655,unknownRelation
7656,unknownRelation
7657,unknownRelation
7658,unknownRelation
7659,unknownRelation
7660,unknownRelation
7661,unknownRelation
7662,unknownRelation
7663,unknownRelation
7664,unknownRelation
7665,unknownRelation
7666,unknownRelation
7667,unknownRelation
7668,unknownRelation
7669,unknownRelation
7670,unknownRelation
7671,unknownRelation
7672,unknownRelation
7673,unknownRelation
7674,unknownRelation
7675,unknownRelation
7676,unknownRelation
7677,unknownRelation
7678,unknownRelation
7679,unknownRelation
7680,unknownRelation
7681,unknownRelation
7682,unknownRelation
7683,unknownRelation
7684,unknownRelation
7685,unknownRelation
7686,unknownRelation
7687,unknownRelation
7688,unknownRelation
7689,unknownRelation
7690,unknownRelation
7691,unknownRelation
7692,unknownRelation
7693,unknownRelation
7694,unknownRelation
7695,unknownRelation
7696,unknownRelation
7697,unknownRelation
7698,unknownRelation
7699,unknownRelation
7700,unknownRelation
7701,unknownRelation
7702,unknownRelation
7703,unknownRelation
7704,unknownRelation
7705,unknownRelation
7706,unknownRelation
7707,unknownRelation
7708,unknownRelation
7709,unknownRelation
7710,unknownRelation
7711,unknownRelation
7712,unknownRelation
7713,unknownRelation
7714,unknownRelation
7715,unknownRelation
7716,unknownRelation
7717,unknownRelation
7718,unknownRelation
7719,unknownRelation
7720,unknownRelation
7721,unknownRelation
7722,unknownRelation
7723,unknownRelation
7724,unknownRelation
7725,unknownRelation
7726,unknownRelation
7727,unknownRelation
7728,unknownRelation
7729,unknownRelation
7730,unknownRelation
7731,unknownRelation
7732,unknownRelation
7733,unknownRelation
7734,unknownRelation
7735,unknownRelation
7736,unknownRelation
7737,unknownRelation
7738,unknownRelation
7739,unknownRelation
7740,unknownRelation
7741,unknownRelation
7742,unknownRelation
7743,unknownRelation
7744,unknownRelation
7745,unknownRelation
7746,unknownRelation
7747,unknownRelation
7748,unknownRelation
7749,unknownRelation
7750,unknownRelation
7751,unknownRelation
7752,unknownRelation
7753,unknownRelation
7754,unknownRelation
7755,unknownRelation
7756,unknownRelation
7757,unknownRelation
7758,unknownRelation
7759,unknownRelation
7760,unknownRelation
7761,unknownRelation
7762,unknownRelation
7763,unknownRelation
7764,unknownRelation
7765,unknownRelation
7766,unknownRelation
7767,unknownRelation
7768,unknownRelation
7769,unknownRelation
7770,unknownRelation
7771,unknownRelation
7772,unknownRelation
7773,unknownRelation
7774,unknownRelation
7775,unknownRelation
7776,unknownRelation
7777,unknownRelation
7778,unknownRelation
7779,unknownRelation
7780,unknownRelation
7781,unknownRelation
7782,unknownRelation
7783,unknownRelation
7784,unknownRelation
7785,unknownRelation
7786,unknownRelation
7787,unknownRelation
7788,unknownRelation
7789,unknownRelation
7790,unknownRelation
7791,unknownRelation
7792,unknownRelation
7793,unknownRelation
7794,unknownRelation
7795,unknownRelation
7796,unknownRelation
7797,unknownRelation
7798,unknownRelation
7799,unknownRelation
7800,unknownRelation
7801,unknownRelation
7802,unknownRelation
7803,unknownRelation
7804,unknownRelation
7805,unknownRelation
7806,unknownRelation
7807,unknownRelation
7808,unknownRelation
7809,unknownRelation
7810,unknownRelation
7811,unknownRelation
7812,unknownRelation
7813,unknownRelation
7814,unknownRelation
7815,unknownRelation
7816,unknownRelation
7817,unknownRelation
7818,unknownRelation
7819,unknownRelation
7820,unknownRelation
7821,unknownRelation
7822,unknownRelation
7823,unknownRelation
7824,unknownRelation
7825,unknownRelation
7826,unknownRelation
7827,unknownRelation
7828,unknownRelation
7829,unknownRelation
7830,unknownRelation
7831,unknownRelation
7832,unknownRelation
7833,unknownRelation
7834,unknownRelation
7835,unknownRelation
7836,unknownRelation
7837,unknownRelation
7838,unknownRelation
7839,unknownRelation
7840,unknownRelation
7841,unknownRelation
7842,unknownRelation
7843,unknownRelation
7844,unknownRelation
7845,unknownRelation
7846,unknownRelation
7847,unknownRelation
7848,unknownRelation
7849,unknownRelation
7850,unknownRelation
7851,unknownRelation
7852,unknownRelation
7853,unknownRelation
7854,unknownRelation
7855,unknownRelation
7856,unknownRelation
7857,unknownRelation
7858,unknownRelation
7859,unknownRelation
7860,unknownRelation
7861,unknownRelation
7862,unknownRelation
7863,unknownRelation
7864,unknownRelation
7865,unknownRelation
7866,unknownRelation
7867,unknownRelation
7868,unknownRelation
7869,unknownRelation
7870,unknownRelation
7871,unknownRelation
7872,unknownRelation
7873,unknownRelation
7874,unknownRelation
7875,unknownRelation
7876,unknownRelation
7877,unknownRelation
7878,unknownRelation
7879,unknownRelation
7880,unknownRelation
7881,unknownRelation
7882,unknownRelation
7883,unknownRelation
7884,unknownRelation
7885,unknownRelation
7886,unknownRelation
7887,unknownRelation
7888,unknownRelation
7889,unknownRelation
7890,unknownRelation
7891,unknownRelation
7892,unknownRelation
7893,unknownRelation
7894,unknownRelation
7895,unknownRelation
7896,unknownRelation
7897,unknownRelation
7898,unknownRelation
7899,unknownRelation
7900,unknownRelation
7901,unknownRelation
7902,unknownRelation
7903,unknownRelation
7904,unknownRelation
7905,unknownRelation
7906,unknownRelation
7907,unknownRelation
7908,unknownRelation
7909,unknownRelation
7910,unknownRelation
7911,unknownRelation
7912,unknownRelation
7913,unknownRelation
7914,unknownRelation
7915,unknownRelation
7916,unknownRelation
7917,unknownRelation
7918,unknownRelation
7919,unknownRelation
7920,unknownRelation
7921,unknownRelation
7922,unknownRelation
7923,unknownRelation
7924,unknownRelation
7925,unknownRelation
7926,unknownRelation
7927,unknownRelation
7928,unknownRelation
7929,unknownRelation
7930,unknownRelation
7931,unknownRelation
7932,unknownRelation
7933,unknownRelation
7934,unknownRelation
7935,unknownRelation
7936,unknownRelation
7937,unknownRelation
7938,unknownRelation
7939,unknownRelation
7940,unknownRelation
7941,unknownRelation
7942,unknownRelation
7943,unknownRelation
7944,unknownRelation
7945,unknownRelation
7946,unknownRelation
7947,unknownRelation
7948,unknownRelation
7949,unknownRelation
7950,unknownRelation
7951,unknownRelation
7952,unknownRelation
7953,unknownRelation
7954,unknownRelation
7955,unknownRelation
7956,unknownRelation
7957,unknownRelation
7958,unknownRelation
7959,unknownRelation
7960,unknownRelation
7961,unknownRelation
7962,unknownRelation
7963,unknownRelation
7964,unknownRelation
7965,unknownRelation
7966,unknownRelation
7967,unknownRelation
7968,unknownRelation
7969,unknownRelation
7970,unknownRelation
7971,unknownRelation
7972,unknownRelation
7973,unknownRelation
7974,unknownRelation
7975,unknownRelation
7976,unknownRelation
7977,unknownRelation
7978,unknownRelation
7979,unknownRelation
7980,unknownRelation
7981,unknownRelation
7982,unknownRelation
7983,unknownRelation
7984,unknownRelation
7985,unknownRelation
7986,unknownRelation
7987,unknownRelation
7988,unknownRelation
7989,unknownRelation
7990,unknownRelation
7991,unknownRelation
7992,unknownRelation
7993,unknownRelation
7994,unknownRelation
7995,unknownRelation
7996,unknownRelation
7997,unknownRelation
7998,unknownRelation
7999,unknownRelation
8000,unknownRelation
8001,unknownRelation
8002,unknownRelation
8003,unknownRelation
8004,unknownRelation
8005,unknownRelation
8006,unknownRelation
8007,unknownRelation
8008,unknownRelation
8009,unknownRelation
8010,unknownRelation
8011,unknownRelation
8012,unknownRelation
8013,unknownRelation
8014,unknownRelation
8015,unknownRelation
8016,unknownRelation
8017,unknownRelation
8018,unknownRelation
8019,unknownRelation
8020,unknownRelation
8021,unknownRelation
8022,unknownRelation
8023,unknownRelation
8024,unknownRelation
8025,unknownRelation
8026,unknownRelation
8027,unknownRelation
8028,unknownRelation
8029,unknownRelation
8030,unknownRelation
8031,unknownRelation
8032,unknownRelation
8033,unknownRelation
8034,unknownRelation
8035,unknownRelation
8036,unknownRelation
8037,unknownRelation
8038,unknownRelation
8039,unknownRelation
8040,unknownRelation
8041,unknownRelation
8042,unknownRelation
8043,unknownRelation
8044,unknownRelation
8045,unknownRelation
8046,unknownRelation
8047,unknownRelation
8048,unknownRelation
8049,unknownRelation
8050,unknownRelation
8051,unknownRelation
8052,unknownRelation
8053,unknownRelation
8054,unknownRelation
8055,unknownRelation
8056,unknownRelation
8057,unknownRelation
8058,unknownRelation
8059,unknownRelation
8060,unknownRelation
8061,unknownRelation
8062,unknownRelation
8063,unknownRelation
8064,unknownRelation
8065,unknownRelation
8066,unknownRelation
8067,unknownRelation
8068,unknownRelation
8069,unknownRelation
8070,unknownRelation
8071,unknownRelation
8072,unknownRelation
8073,unknownRelation
